SYS,SYS,SYS,SYS,SYS,USERDEF,USERDEF,USERDEF,USERDEF,PORO,PORO,PORO,PORO,PORO,PORO,PORO,PORO,PORO,PORO,PORO,PORO,PORO,SENSOR,SENSOR,SENSOR,SENSOR,SENSOR,SENSOR,SENSOR,SENSOR,SENSOR,SENSOR,SENSOR,MATCH,MATCH,MATCH,MATCH,STABILITY,STABILITY,STABILITY,STABILITY,STABILITY,STABILITY,P_CONFIG,P_CONFIG,P_CONFIG,P_CONFIG,P_CONFIG,P_CONFIG,P_CONFIG,P_CONFIG,P_CONFIG,P_CONFIG,P_CONFIG,SENSOR_V,SENSOR_V,SENSOR_V,SENSOR_V,SENSOR_V,SENSOR_V,SENSOR_V,SENSOR_V,SENSOR_V,SENSOR_V,USERCAL,USERCAL,USERCAL,USERCAL,USERCAL,USERCAL,USERCAL,USERCAL,USERCAL,USERCAL,META,META,META,META,META,META,META
Obs#,Time,Date,configName,configAuthor,remark,Sample,Study plot,Petal side,gsw,gbw,gtw,E_apparent,VPcham,VPref,VPleaf,VPDleaf,H2O_r,H2O_s,H2O_leaf,leaf_area,leaf_width,rh_s,rh_r,Tref,Tmeas,Tleaf,P_atm,flow,flow_s,leak_pct,Qamb,batt,match_time,match_date,rh_adj,type,gsw1sec,gsw2sec,gsw4sec,flr1sec,flr2sec,flr4sec,auto,flow_set,gsw_limit,gsw_period,aw,Bla,Blb,Blc,Bld,Ble,chamber,v_humA,v_humB,v_flowIn,v_flowOut,v_temp,v_irt,v_pres,v_par,v_F,i_LED,b_rhr,m_rhr,span_rhr,b_rhs,m_rhs,span_rhs,z_flowIn,z_flowOut,z_quantum,z_flr,flashId,lciSerNum,lcpSerNum,lcfSerNum,lcrhSerNum,version,configUpdatedAt
,HHMMSS,YYYYMMDD,,,,,,,mol+1m-2s-1,mol+1m-2s-1,mol+1m-2s-1,mmol+1m-2s-1,kPa,kPa,kPa,kPa,mmol+1mol-1,mmol+1mol-1,mmol+1mol-1,cm+2,mm,%,%,C,C,C,kPa,umol+1sec-1,umol+1sec-1,%,umol+1m-2s-1,V,HHMMSS,YYYYMMDD,%,,,,,,,,,umol+1sec-1,(umol+1m-2s-1)s-1,s,,,,,,,,V,V,V,V,V,V,V,V,V,A,,,,,,,,,,,,,,,,,
1,9:53:31,3/25/2025,Petals MtDiablo,Shea Nolan,,1,A,bottom,0.010529,2.539723,0.010486,0.131347,1.405209,1.400511,2.618253,1.213044,14.167938,14.21546,26.486927,0.441786,7.5,55.11,54.92,21.35,21.78,21.78,98.85,120.4,120.5,-0.1,1174,3.817,9:52:57,3/25/2025,-0.26,1,0.001,-0.002,-0.014,-0.011,-0.019,-0.04,1,115,0.005,2,0.058905,0,0.02923,0,0,-0.000068,standard,2.506832,2.518691,1.357584,0.845018,0.315617,0.004427,0.049323,1.126488,38.799404,0.000131,2.417466,-0.00007,1,2.427854,-0.00007,1,0.600196,0.599648,0.106705,0,,PFA-00224,PSA-00236,,RHS-00313,3.0.0,2025-03-19T00:30:05.507Z
2,9:53:58,3/25/2025,Petals MtDiablo,Shea Nolan,,1,A,top,0.035078,2.539214,0.0346,0.430171,1.472945,1.457564,2.676299,1.203354,14.74297,14.898551,27.070242,0.441786,7.5,57.28,56.68,21.49,22.14,22.14,98.86,120.3,120.1,0.2,73,3.816,9:52:57,3/25/2025,-0.26,1,-0.002,-0.002,-0.022,-0.005,-0.012,-0.03,1,115,0.005,2,0.058905,0,0.02923,0,0,-0.000068,standard,2.509284,2.521756,1.357281,0.843975,0.313876,0.006927,0.052156,0.170386,38.350224,0.000131,2.417466,-0.00007,1,2.427854,-0.00007,1,0.600196,0.599648,0.106705,0,,PFA-00224,PSA-00236,,RHS-00313,3.0.0,2025-03-19T00:30:05.507Z
3,9:56:29,3/25/2025,Petals MtDiablo,Shea Nolan,,2,A,bottom,0.002621,2.538522,0.002619,0.034253,1.542586,1.541362,2.806898,1.264312,15.596131,15.608516,28.401342,0.441786,7.5,57.62,57.58,22.14,22.92,22.92,98.83,120.3,120,0.2,1659,3.812,9:52:57,3/25/2025,-0.26,1,-0.003,-0.004,-0.014,-0.005,-0.006,-0.009,1,115,0.005,2,0.058905,0,0.02923,0,0,-0.000068,standard,2.510387,2.522086,1.35687,0.843881,0.305716,0.008335,0.068531,1.547164,37.164688,0.000131,2.417466,-0.00007,1,2.427854,-0.00007,1,0.600196,0.599648,0.106705,0,,PFA-00224,PSA-00236,,RHS-00313,3.0.0,2025-03-19T00:30:05.507Z
4,9:56:57,3/25/2025,Petals MtDiablo,Shea Nolan,,2,A,top,0.002141,2.537349,0.002139,0.02754,1.56092,1.559935,2.805307,1.244388,15.782865,15.792828,28.383097,0.441786,7.5,57.78,57.74,22.3,22.92,22.92,98.84,120.2,120,0.1,202,3.812,9:52:57,3/25/2025,-0.26,1,0,0.003,-0.009,-0.003,-0.004,-0.008,1,115,0.005,2,0.058905,0,0.02923,0,0,-0.000068,standard,2.510574,2.522263,1.356174,0.843933,0.303873,0.006491,0.071454,0.282258,37.031651,0.000133,2.417466,-0.00007,1,2.427854,-0.00007,1,0.600196,0.599648,0.106705,0,,PFA-00224,PSA-00236,,RHS-00313,3.0.0,2025-03-19T00:30:05.507Z
5,10:02:38,3/25/2025,Petals MtDiablo,Shea Nolan,,3,A,bottom,0.053326,2.542015,0.05223,0.948918,1.723843,1.690067,3.472509,1.748666,17.097677,17.439375,35.129879,0.441786,7.5,55.82,54.73,24.51,26.49,26.49,98.85,120.5,119.9,0.5,1385,3.804,9:52:57,3/25/2025,-0.26,1,0,0.003,-9999,0,-0.003,-9999,1,115,0.005,2,0.058905,0,0.02923,0,0,-0.000068,standard,2.505749,2.518915,1.358948,0.843577,0.278099,0.022283,0.105102,1.309246,35.886169,0.000134,2.417466,-0.00007,1,2.427854,-0.00007,1,0.600196,0.599648,0.106705,0,,PFA-00224,PSA-00236,,RHS-00313,3.0.0,2025-03-19T00:30:05.507Z
6,10:02:57,3/25/2025,Petals MtDiablo,Shea Nolan,,3,A,top,0.00636,2.539092,0.006344,0.098135,1.739961,1.736462,3.230515,1.490554,17.567436,17.602835,32.682472,0.441786,7.5,55.92,55.8,24.64,25.27,25.27,98.85,120.3,119.8,0.4,41,3.803,9:52:57,3/25/2025,-0.26,1,0.002,0.002,-0.002,0.001,0,-0.003,1,115,0.005,2,0.058905,0,0.02923,0,0,-0.000068,standard,2.50724,2.51902,1.357208,0.843378,0.276695,0.006446,0.106918,0.142361,35.850761,0.000134,2.417466,-0.00007,1,2.427854,-0.00007,1,0.600196,0.599648,0.106705,0,,PFA-00224,PSA-00236,,RHS-00313,3.0.0,2025-03-19T00:30:05.507Z
7,10:05:09,3/25/2025,Petals MtDiablo,Shea Nolan,,4,A,bottom,0.174133,2.54226,0.16297,3.574517,2.004962,1.878114,4.106107,2.101145,18.999392,20.282618,41.538242,0.441786,7.5,62.37,58.43,25.18,29.36,29.36,98.85,120.6,120,0.5,2026,3.801,10:03:10,3/25/2025,-0.06,1,0.004,0.005,-9999,0.002,0.003,-9999,1,115,0.005,2,0.058905,0,0.02923,0,0,-0.000068,standard,2.510797,2.527755,1.359094,0.843732,0.270753,0.048985,0.119394,1.865718,35.691978,0.000136,2.417466,-0.00007,1,2.427854,-0.00007,1,0.600196,0.599648,0.106705,0,,PFA-00224,PSA-00236,,RHS-00313,3.0.0,2025-03-19T00:30:05.507Z
8,10:05:39,3/25/2025,Petals MtDiablo,Shea Nolan,,4,A,top,0.14275,2.538818,0.135151,2.261297,1.92131,1.840819,3.529613,1.608303,18.622536,19.436819,35.707123,0.441786,7.5,59.39,56.9,25.29,26.76,26.76,98.85,120.3,119.5,0.6,669,3.801,10:03:10,3/25/2025,-0.06,1,-0.002,-0.001,-0.007,0.001,0.003,0.001,1,115,0.005,2,0.058905,0,0.02923,0,0,-0.000068,standard,2.508615,2.523502,1.357046,0.842727,0.269579,0.016371,0.122259,0.687874,35.701275,0.000134,2.417466,-0.00007,1,2.427854,-0.00007,1,0.600196,0.599648,0.106705,0,,PFA-00224,PSA-00236,,RHS-00313,3.0.0,2025-03-19T00:30:05.507Z
9,10:20:47,3/25/2025,Petals MtDiablo,Shea Nolan,,41,A,bottom,-0.01277,2.541785,-0.012834,-0.183295,1.765504,1.772025,3.142023,1.376519,17.928949,17.862965,31.790268,0.441786,7.5,53.64,53.84,25.58,24.8,24.8,98.84,120.5,119.6,0.8,130,3.788,10:03:10,3/25/2025,-0.06,1,-0.004,0,0.001,0,-0.004,-0.001,1,115,0.005,2,0.058905,0,0.02923,0,0,-0.000068,standard,2.504217,2.515244,1.358811,0.842851,0.266485,-0.010038,0.198248,0.219817,35.966991,0.000135,2.417466,-0.00007,1,2.427854,-0.00007,1,0.600196,0.599648,0.106705,0,,PFA-00224,PSA-00236,,RHS-00313,3.0.0,2025-03-19T00:30:05.507Z
10,10:21:18,3/25/2025,Petals MtDiablo,Shea Nolan,,41,A,top,-0.012007,2.539729,-0.012064,-0.169896,1.826389,1.832438,3.183059,1.356669,18.540192,18.478989,32.20546,0.441786,7.5,55.51,55.7,25.57,25.02,25.02,98.84,120.4,119.7,0.6,110,3.787,10:21:02,3/25/2025,0.16,1,-0.001,0.001,-9999,-0.002,0.002,-9999,1,115,0.005,2,0.058905,0,0.02923,0,0,-0.000068,standard,2.506851,2.517618,1.357588,0.843108,0.266567,-0.007427,0.200545,0.202331,35.972713,0.000133,2.417466,-0.00007,1,2.427854,-0.00007,1,0.600196,0.599648,0.106705,0,,PFA-00224,PSA-00236,,RHS-00313,3.0.0,2025-03-19T00:30:05.507Z
11,10:22:40,3/25/2025,Petals MtDiablo,Shea Nolan,,6,A,bottom,0.186031,2.538373,0.173329,3.458603,2.143392,2.020533,4.053942,1.91055,20.441172,21.684099,41.0126,0.441786,7.5,65.05,61.32,25.6,29.14,29.14,98.85,120.3,119.6,0.5,1857,3.787,10:21:02,3/25/2025,0.16,1,0.001,-0.001,-0.016,0.003,0.002,0.004,1,115,0.005,2,0.058905,0,0.02923,0,0,-0.000068,standard,2.514749,2.531118,1.356781,0.842974,0.266302,0.04131,0.207079,1.719443,36.08358,0.000132,2.417466,-0.00007,1,2.427854,-0.00007,1,0.600196,0.599648,0.106705,0,,PFA-00224,PSA-00236,,RHS-00313,3.0.0,2025-03-19T00:30:05.507Z
12,10:23:00,3/25/2025,Petals MtDiablo,Shea Nolan,,6,A,top,0.072146,2.540243,0.070154,1.534289,1.987665,1.933146,4.082909,2.095244,19.558678,20.110285,41.308998,0.441786,7.5,60.25,58.59,25.62,29.26,29.26,98.84,120.4,119.5,0.7,1721,3.786,10:21:02,3/25/2025,0.16,1,-0.007,-0.005,-0.02,-0.001,0.004,0.004,1,115,0.005,2,0.058905,0,0.02923,0,0,-0.000068,standard,2.510916,2.524331,1.357893,0.842727,0.266063,0.042547,0.208706,1.601084,36.111832,0.000133,2.417466,-0.00007,1,2.427854,-0.00007,1,0.600196,0.599648,0.106705,0,,PFA-00224,PSA-00236,,RHS-00313,3.0.0,2025-03-19T00:30:05.507Z
13,10:27:04,3/25/2025,Petals MtDiablo,Shea Nolan,,5,A,bottom,0.007946,2.540111,0.007921,0.162676,2.005405,1.999625,3.97364,1.968235,20.232826,20.291306,40.206512,0.441786,7.5,59.52,59.35,25.97,28.79,28.79,98.83,120.4,119.5,0.7,1377,3.783,10:21:02,3/25/2025,0.16,1,0,0,-9999,0,-0.004,-9999,1,115,0.005,2,0.058905,0,0.02923,0,0,-0.000068,standard,2.511887,2.523215,1.357814,0.842726,0.262338,0.032607,0.225657,1.302239,36.385059,0.000134,2.417466,-0.00007,1,2.427854,-0.00007,1,0.600196,0.599648,0.106705,0,,PFA-00224,PSA-00236,,RHS-00313,3.0.0,2025-03-19T00:30:05.507Z
14,10:27:28,3/25/2025,Petals MtDiablo,Shea Nolan,,5,A,top,0.006296,2.540856,0.00628,0.146665,1.870096,1.864879,4.108699,2.238603,18.867182,18.919954,41.568142,0.441786,7.5,55.28,55.13,26.04,29.37,29.37,98.84,120.5,119.2,1,1844,3.782,10:21:02,3/25/2025,0.16,1,0.002,0.003,-9999,-0.001,-0.002,-9999,1,115,0.005,2,0.058905,0,0.02923,0,0,-0.000068,standard,2.505924,2.517168,1.358258,0.84206,0.261622,0.038827,0.227148,1.707825,36.394356,0.000135,2.417466,-0.00007,1,2.427854,-0.00007,1,0.600196,0.599648,0.106705,0,,PFA-00224,PSA-00236,,RHS-00313,3.0.0,2025-03-19T00:30:05.507Z
15,10:29:41,3/25/2025,Petals MtDiablo,Shea Nolan,,7,A,bottom,-0.002825,2.542232,-0.002828,-0.042425,1.849856,1.851364,3.293907,1.444051,18.73068,18.715425,33.325226,0.441786,7.5,54.15,54.2,26.21,25.59,25.59,98.84,120.6,119.6,0.8,927,3.781,10:21:02,3/25/2025,0.16,1,-0.003,-0.001,-9999,-0.001,0.001,-9999,1,115,0.005,2,0.058905,0,0.02923,0,0,-0.000068,standard,2.504568,2.515514,1.359077,0.842942,0.259914,-0.008218,0.235663,0.91129,36.399723,0.000131,2.417466,-0.00007,1,2.427854,-0.00007,1,0.600196,0.599648,0.106705,0,,PFA-00224,PSA-00236,,RHS-00313,3.0.0,2025-03-19T00:30:05.507Z
16,10:30:23,3/25/2025,Petals MtDiablo,Shea Nolan,,7,A,top,-0.013038,2.543861,-0.013105,-0.192751,1.950526,1.957362,3.365197,1.414671,19.803392,19.734228,34.047001,0.441786,7.5,56.96,57.16,26.25,25.95,25.95,98.84,120.7,119.5,1,704,3.78,10:21:02,3/25/2025,0.16,1,0.003,0.004,-9999,0.003,0,-9999,1,115,0.005,2,0.058905,0,0.02923,0,0,-0.000068,standard,2.508734,2.519505,1.360049,0.842657,0.259477,-0.004495,0.238293,0.717815,36.418678,0.000135,2.417466,-0.00007,1,2.427854,-0.00007,1,0.600196,0.599648,0.106705,0,,PFA-00224,PSA-00236,,RHS-00313,3.0.0,2025-03-19T00:30:05.507Z
17,10:32:59,3/25/2025,Petals MtDiablo,Shea Nolan,,8,A,bottom,0.000187,2.540933,0.000187,0.003101,1.880387,1.880277,3.478298,1.597911,19.026329,19.027445,35.196541,0.441786,7.5,53.96,53.95,26.55,26.51,26.51,98.82,120.5,119.4,0.9,149,3.778,10:21:02,3/25/2025,0.16,1,-0.004,-0.004,-9999,0,0.002,-9999,1,115,0.005,2,0.058905,0,0.02923,0,0,-0.000068,standard,2.504137,2.515149,1.358304,0.842368,0.256431,-0.001442,0.247629,0.236105,36.400078,0.000136,2.417466,-0.00007,1,2.427854,-0.00007,1,0.600196,0.599648,0.106705,0,,PFA-00224,PSA-00236,,RHS-00313,3.0.0,2025-03-19T00:30:05.507Z
18,10:33:34,3/25/2025,Petals MtDiablo,Shea Nolan,,8,A,top,0.017395,2.540743,0.017276,0.248057,2.07773,2.068927,3.45698,1.37925,20.934837,21.023907,34.98011,0.441786,7.5,59.35,59.1,26.62,26.41,26.41,98.83,120.4,119.7,0.6,160,3.778,10:33:14,3/25/2025,0.2,1,0.006,0.005,-9999,0.003,-0.001,-9999,1,115,0.005,2,0.058905,0,0.02923,0,0,-0.000068,standard,2.511371,2.522757,1.358191,0.84321,0.255662,-0.003567,0.249861,0.245747,36.419033,0.000135,2.417466,-0.00007,1,2.427854,-0.00007,1,0.600196,0.599648,0.106705,0,,PFA-00224,PSA-00236,,RHS-00313,3.0.0,2025-03-19T00:30:05.507Z
19,10:35:15,3/25/2025,Petals MtDiablo,Shea Nolan,,9,A,bottom,0.014575,2.540439,0.014492,0.260466,1.909515,1.900255,3.635647,1.726132,19.230871,19.324577,36.793297,0.441786,7.5,53.93,53.66,26.82,27.27,27.27,98.81,120.4,119.3,0.9,1274,3.777,10:33:14,3/25/2025,0.2,1,-0.004,-0.003,-9999,0.001,0.001,-9999,1,115,0.005,2,0.058905,0,0.02923,0,0,-0.000068,standard,2.50366,2.514983,1.35801,0.842267,0.253688,0.004242,0.256412,1.213209,36.471249,0.000134,2.417466,-0.00007,1,2.427854,-0.00007,1,0.600196,0.599648,0.106705,0,,PFA-00224,PSA-00236,,RHS-00313,3.0.0,2025-03-19T00:30:05.507Z
20,10:35:39,3/25/2025,Petals MtDiablo,Shea Nolan,,9,A,top,0.004787,2.53938,0.004778,0.08144,1.863412,1.860514,3.501797,1.638384,18.829206,18.85854,35.439701,0.441786,7.5,52.48,52.4,26.86,26.63,26.63,98.81,120.3,119.3,0.9,289,3.776,10:33:14,3/25/2025,0.2,1,0.002,0.002,-0.009,0,-0.001,0.001,1,115,0.005,2,0.058905,0,0.02923,0,0,-0.000068,standard,2.501849,2.512896,1.35738,0.842142,0.25321,-0.003876,0.25783,0.357285,36.471603,0.000133,2.417466,-0.00007,1,2.427854,-0.00007,1,0.600196,0.599648,0.106705,0,,PFA-00224,PSA-00236,,RHS-00313,3.0.0,2025-03-19T00:30:05.507Z
21,10:40:16,3/25/2025,Petals MtDiablo,Shea Nolan,,10,A,bottom,0.057027,2.540049,0.055775,0.867058,1.939874,1.909046,3.43451,1.494637,19.316027,19.627943,34.750908,0.441786,7.5,53.18,52.33,27.32,26.3,26.3,98.83,120.4,119.4,0.8,1043,3.773,10:33:14,3/25/2025,0.2,1,-0.001,0.002,-9999,-0.001,0,-9999,1,115,0.005,2,0.058905,0,0.02923,0,0,-0.000068,standard,2.501644,2.513786,1.357778,0.842466,0.248631,-0.013216,0.272815,1.012477,36.487343,0.000134,2.417466,-0.00007,1,2.427854,-0.00007,1,0.600196,0.599648,0.106705,0,,PFA-00224,PSA-00236,,RHS-00313,3.0.0,2025-03-19T00:30:05.507Z
22,10:40:51,3/25/2025,Petals MtDiablo,Shea Nolan,,10,A,top,-0.000377,2.546452,-0.000377,-0.007655,2.026215,2.026486,3.973604,1.947389,20.504974,20.502234,40.206863,0.441786,7.5,55.55,55.56,27.32,28.79,28.79,98.83,120.9,118,2.4,1339,3.772,10:33:14,3/25/2025,0.2,1,0.002,0.003,0.003,0.003,0,-0.001,1,115,0.005,2,0.058905,0,0.02923,0,0,-0.000068,standard,2.506212,2.517182,1.361599,0.839234,0.248662,0.016484,0.274848,1.26925,36.459805,0.000134,2.417466,-0.00007,1,2.427854,-0.00007,1,0.600196,0.599648,0.106705,0,,PFA-00224,PSA-00236,,RHS-00313,3.0.0,2025-03-19T00:30:05.507Z
23,10:42:04,3/25/2025,Petals MtDiablo,Shea Nolan,,10,A,bottom,0.008002,2.542474,0.007977,0.158267,1.98884,1.983225,3.891185,1.902345,20.068052,20.124872,39.374504,0.441786,7.5,54.19,54.04,27.43,28.43,28.43,98.82,120.6,119.5,0.9,775,3.772,10:33:14,3/25/2025,0.2,1,0,-0.003,-0.009,0,0.003,0.008,1,115,0.005,2,0.058905,0,0.02923,0,0,-0.000068,standard,2.504032,2.515208,1.359222,0.842774,0.24761,0.01085,0.279102,0.779528,36.512375,0.000136,2.417466,-0.00007,1,2.427854,-0.00007,1,0.600196,0.599648,0.106705,0,,PFA-00224,PSA-00236,,RHS-00313,3.0.0,2025-03-19T00:30:05.507Z
24,10:42:27,3/25/2025,Petals MtDiablo,Shea Nolan,,10,A,top,-0.008833,2.54109,-0.008864,-0.163063,1.903075,1.90887,3.669697,1.766623,19.316879,19.258236,37.135639,0.441786,7.5,51.75,51.91,27.46,27.43,27.43,98.82,120.5,119.6,0.7,201,3.772,10:33:14,3/25/2025,0.2,1,-0.005,-0.002,0.005,-0.001,-0.007,-0.007,1,115,0.005,2,0.058905,0,0.02923,0,0,-0.000068,standard,2.501006,2.511704,1.358397,0.84295,0.247275,-0.001566,0.280323,0.281577,36.510231,0.000136,2.417466,-0.00007,1,2.427854,-0.00007,1,0.600196,0.599648,0.106705,0,,PFA-00224,PSA-00236,,RHS-00313,3.0.0,2025-03-19T00:30:05.507Z
25,10:45:27,3/25/2025,Petals MtDiablo,Shea Nolan,,11,A,bottom,0.010279,2.53845,0.010238,0.230275,2.013003,2.004815,4.165995,2.152992,20.289444,20.372305,42.16135,0.441786,7.5,53.88,53.66,27.73,29.61,29.61,98.81,120.3,119.4,0.7,1234,3.77,10:33:14,3/25/2025,0.2,1,0.007,0.004,-0.011,0.003,0.001,0.003,1,115,0.005,2,0.058905,0,0.02923,0,0,-0.000068,standard,2.503423,2.514688,1.356827,0.842421,0.244635,0.02146,0.290344,1.177867,36.60643,0.000134,2.417466,-0.00007,1,2.427854,-0.00007,1,0.600196,0.599648,0.106705,0,,PFA-00224,PSA-00236,,RHS-00313,3.0.0,2025-03-19T00:30:05.507Z
26,10:46:08,3/25/2025,Petals MtDiablo,Shea Nolan,,11,A,top,0.007218,2.539271,0.007197,0.139786,1.900428,1.895455,3.764626,1.864198,19.181707,19.23204,38.097431,0.441786,7.5,50.55,50.42,27.84,27.86,27.86,98.82,120.3,119.3,0.9,841,3.769,10:45:40,3/25/2025,0.15,1,0.004,-0.002,-9999,-0.004,0.005,-9999,1,115,0.005,2,0.058905,0,0.02923,0,0,-0.000068,standard,2.498801,2.509962,1.357315,0.84218,0.243614,-0.000872,0.292623,0.836924,36.631821,0.000136,2.417466,-0.00007,1,2.427854,-0.00007,1,0.600196,0.599648,0.106705,0,,PFA-00224,PSA-00236,,RHS-00313,3.0.0,2025-03-19T00:30:05.507Z
27,10:51:12,3/25/2025,Petals MtDiablo,Shea Nolan,,12,A,bottom,-0.016649,2.541701,-0.016759,-0.275606,1.895375,1.905166,3.476184,1.580808,19.281059,19.181973,35.180397,0.441786,7.5,49.8,50.06,28.05,26.5,26.5,98.81,120.5,119.5,0.9,153,3.766,10:45:40,3/25/2025,0.15,1,0.004,-0.002,-9999,0.004,0.003,-9999,1,115,0.005,2,0.058905,0,0.02923,0,0,-0.000068,standard,2.498232,2.508828,1.358761,0.842571,0.241581,-0.019485,0.308889,0.239907,36.775589,0.000133,2.417466,-0.00007,1,2.427854,-0.00007,1,0.600196,0.599648,0.106705,0,,PFA-00224,PSA-00236,,RHS-00313,3.0.0,2025-03-19T00:30:05.507Z
28,10:51:44,3/25/2025,Petals MtDiablo,Shea Nolan,,12,A,top,-0.008076,2.544357,-0.008101,-0.137882,1.871664,1.876555,3.507504,1.63584,18.992891,18.943392,35.499969,0.441786,7.5,49.34,49.47,27.99,26.66,26.66,98.8,120.7,119.3,1.2,89,3.765,10:45:40,3/25/2025,0.15,1,0.003,0.003,-9999,0.001,-0.001,-9999,1,115,0.005,2,0.058905,0,0.02923,0,0,-0.000068,standard,2.497409,2.508179,1.360346,0.84221,0.242129,-0.017012,0.310417,0.183816,36.756992,0.000137,2.417466,-0.00007,1,2.427854,-0.00007,1,0.600196,0.599648,0.106705,0,,PFA-00224,PSA-00236,,RHS-00313,3.0.0,2025-03-19T00:30:05.507Z
29,10:57:17,3/25/2025,Petals MtDiablo,Shea Nolan,,13,A,bottom,0.017446,2.5437,0.017327,0.299191,1.912432,1.90182,3.57095,1.658518,19.250803,19.358212,36.146236,0.441786,7.5,51.31,51.03,27.69,26.96,26.96,98.79,120.7,119.4,1,698,3.761,10:45:40,3/25/2025,0.15,1,0,-0.005,-9999,0.003,0.001,-9999,1,115,0.005,2,0.058905,0,0.02923,0,0,-0.000068,standard,2.499702,2.511091,1.359953,0.842493,0.245046,-0.009805,0.326391,0.712878,36.866425,0.000136,2.417466,-0.00007,1,2.427854,-0.00007,1,0.600196,0.599648,0.106705,0,,PFA-00224,PSA-00236,,RHS-00313,3.0.0,2025-03-19T00:30:05.507Z
30,10:57:48,3/25/2025,Petals MtDiablo,Shea Nolan,,13,A,top,0.013236,2.539,0.013167,0.251972,1.899956,1.890991,3.736557,1.836601,19.14143,19.232172,37.823044,0.441786,7.5,50.98,50.74,27.69,27.73,27.73,98.79,120.3,119.3,0.9,1605,3.761,10:57:30,3/25/2025,0.17,1,-0.001,0,0.014,0.001,-0.003,-0.004,1,115,0.005,2,0.058905,0,0.02923,0,0,-0.000068,standard,2.49929,2.510574,1.357154,0.842112,0.245048,-0.000624,0.327742,1.500098,36.82959,0.000137,2.417466,-0.00007,1,2.427854,-0.00007,1,0.600196,0.599648,0.106705,0,,PFA-00224,PSA-00236,,RHS-00313,3.0.0,2025-03-19T00:30:05.507Z
31,11:02:59,3/25/2025,Petals MtDiablo,Shea Nolan,,14,A,bottom,-0.024632,2.540468,-0.024873,-0.068751,2.090945,2.093385,2.357956,0.267011,21.182531,21.157845,23.859673,0.441786,7.5,54.7,54.77,28.12,20.08,20.08,98.83,120.4,-23,119.1,957,3.758,10:57:30,3/25/2025,0.17,1,-0.001,-0.001,-0.013,0.002,0.004,0.006,1,115,0.005,2,0.058905,0,0.02923,0,0,-0.000068,standard,2.504886,2.515797,1.358027,0.56013,0.240868,-0.093214,0.344633,0.937419,37.258743,0.000134,2.417466,-0.00007,1,2.427854,-0.00007,1,0.600196,0.599648,0.106705,0,,PFA-00224,PSA-00236,,RHS-00313,3.0.0,2025-03-19T00:30:05.507Z
32,11:03:19,3/25/2025,Petals MtDiablo,Shea Nolan,,14,A,top,-0.003398,2.542003,-0.003403,-0.064982,2.06053,2.062835,3.890673,1.830142,20.87525,20.851931,39.372406,0.441786,7.5,53.8,53.86,28.16,28.43,28.43,98.82,120.5,119.5,0.9,1112,3.757,10:57:30,3/25/2025,0.17,1,0.007,0.004,-0.013,0,0.002,0.003,1,115,0.005,2,0.058905,0,0.02923,0,0,-0.000068,standard,2.503596,2.514498,1.358941,0.842587,0.24054,0.002041,0.345499,1.071845,37.279129,0.000137,2.417466,-0.00007,1,2.427854,-0.00007,1,0.600196,0.599648,0.106705,0,,PFA-00224,PSA-00236,,RHS-00313,3.0.0,2025-03-19T00:30:05.507Z
33,11:04:19,3/25/2025,Petals MtDiablo,Shea Nolan,,14,A,bottom,-0.010972,2.541247,-0.011019,-0.19563,2.047058,2.053999,3.749956,1.702898,20.78594,20.715696,37.948586,0.441786,7.5,53.12,53.3,28.26,27.8,27.8,98.82,120.5,119.3,0.9,163,3.756,10:57:30,3/25/2025,0.17,1,-0.004,-0.003,0.017,-0.002,-0.001,-0.001,1,115,0.005,2,0.058905,0,0.02923,0,0,-0.000068,standard,2.502779,2.513501,1.358491,0.842307,0.239535,-0.006789,0.347506,0.248638,37.314178,0.000134,2.417466,-0.00007,1,2.427854,-0.00007,1,0.600196,0.599648,0.106705,0,,PFA-00224,PSA-00236,,RHS-00313,3.0.0,2025-03-19T00:30:05.507Z
34,11:04:43,3/25/2025,Petals MtDiablo,Shea Nolan,,14,A,top,0.000908,2.542692,0.000908,0.01741,2.021669,2.021052,3.860721,1.839051,20.452938,20.459187,39.070286,0.441786,7.5,52.44,52.42,28.27,28.3,28.3,98.81,120.6,119.2,1.1,166,3.756,10:57:30,3/25/2025,0.17,1,0.003,-0.001,-9999,0.001,0.001,-9999,1,115,0.005,2,0.058905,0,0.02923,0,0,-0.000068,standard,2.501533,2.512522,1.359352,0.842059,0.239462,-0.000917,0.348441,0.251061,37.312389,0.000136,2.417466,-0.00007,1,2.427854,-0.00007,1,0.600196,0.599648,0.106705,0,,PFA-00224,PSA-00236,,RHS-00313,3.0.0,2025-03-19T00:30:05.507Z
1,11:41:52,3/25/2025,Petals MtDiablo,Shea Nolan,,15,A,bottom,0.033214,2.538461,0.032785,1.034966,2.453648,2.417026,5.447448,2.9938,24.467173,24.837891,55.14365,0.441786,7.5,51.44,50.67,31.98,34.35,34.35,98.79,120.3,119.2,0.9,1577,3.761,11:40:17,3/25/2025,0.25,1,0.002,0.002,-0.015,-0.015,-0.026,-0.051,1,115,0.005,2,0.058905,0,0.02923,0,0,-0.000068,standard,2.498137,2.510076,1.356834,0.841898,0.206881,0.028329,0.154163,1.476429,55.479527,0.000137,2.417466,-0.00007,1,2.427854,-0.00007,1,0.600196,0.599648,0.106705,0,,PFA-00224,PSA-00236,,RHS-00313,3.0.0,2025-03-19T00:30:05.507Z
2,11:42:13,3/25/2025,Petals MtDiablo,Shea Nolan,,15,A,top,-0.001036,2.54214,-0.001036,-0.027141,2.32653,2.327489,4.820817,2.494287,23.560263,23.55055,48.799248,0.441786,7.5,48.67,48.69,32.02,32.17,32.17,98.79,120.6,118.9,1.4,825,3.761,11:40:17,3/25/2025,0.25,1,0.004,0.005,0.001,-0.011,-0.02,-0.044,1,115,0.005,2,0.058905,0,0.02923,0,0,-0.000068,standard,2.495327,2.506109,1.359023,0.8412,0.206589,0.000472,0.156326,0.8227,55.016754,0.000137,2.417466,-0.00007,1,2.427854,-0.00007,1,0.600196,0.599648,0.106705,0,,PFA-00224,PSA-00236,,RHS-00313,3.0.0,2025-03-19T00:30:05.507Z
3,11:48:08,3/25/2025,Petals MtDiablo,Shea Nolan,,16,A,bottom,0.011535,2.542675,0.011483,0.293724,2.147919,2.137519,4.589135,2.441216,21.633984,21.739243,46.446968,0.441786,7.5,45.62,45.4,31.75,31.3,31.3,98.8,120.6,119.3,1.1,1775,3.753,11:40:17,3/25/2025,0.25,1,-0.001,-0.004,0.011,-0.002,-0.002,-0.008,1,115,0.005,2,0.058905,0,0.02923,0,0,-0.000068,standard,2.490693,2.501768,1.359342,0.842189,0.208765,-0.006951,0.188825,1.648189,51.663994,0.000137,2.417466,-0.00007,1,2.427854,-0.00007,1,0.600196,0.599648,0.106705,0,,PFA-00224,PSA-00236,,RHS-00313,3.0.0,2025-03-19T00:30:05.507Z
4,11:48:33,3/25/2025,Petals MtDiablo,Shea Nolan,,16,A,top,0.00414,2.543548,0.004133,0.115117,2.184586,2.180514,4.838397,2.653811,22.070702,22.111917,48.97324,0.441786,7.5,46.42,46.33,31.74,32.23,32.23,98.8,120.7,119,1.4,834,3.753,11:40:17,3/25/2025,0.25,1,-0.001,0,-9999,-0.004,-0.002,-9999,1,115,0.005,2,0.058905,0,0.02923,0,0,-0.000068,standard,2.492026,2.502922,1.359863,0.841528,0.208818,0.00467,0.190984,0.831218,51.533463,0.000137,2.417466,-0.00007,1,2.427854,-0.00007,1,0.600196,0.599648,0.106705,0,,PFA-00224,PSA-00236,,RHS-00313,3.0.0,2025-03-19T00:30:05.507Z
5,11:49:33,3/25/2025,Petals MtDiablo,Shea Nolan,,17,A,bottom,-0.010435,2.540607,-0.010478,-0.373656,2.261772,2.275005,5.644422,3.38265,23.024847,22.890924,57.126019,0.441786,7.5,48.25,48.53,31.67,34.99,34.99,98.81,120.4,119.2,1.1,1821,3.752,11:40:17,3/25/2025,0.25,1,0.004,0.003,-0.006,-0.001,-0.003,-0.001,1,115,0.005,2,0.058905,0,0.02923,0,0,-0.000068,standard,2.495179,2.505579,1.35811,0.841905,0.209394,0.040363,0.195782,1.687489,51.123978,0.000138,2.417466,-0.00007,1,2.427854,-0.00007,1,0.600196,0.599648,0.106705,0,,PFA-00224,PSA-00236,,RHS-00313,3.0.0,2025-03-19T00:30:05.507Z
6,11:49:54,3/25/2025,Petals MtDiablo,Shea Nolan,,17,A,top,0.006398,2.542886,0.006382,0.230557,2.0956,2.087433,5.527292,3.431693,21.127491,21.210148,55.94326,0.441786,7.5,44.78,44.6,31.64,34.61,34.61,98.8,120.6,119,1.3,1956,3.751,11:40:17,3/25/2025,0.25,1,0.001,-0.004,-9999,0.001,-0.002,-9999,1,115,0.005,2,0.058905,0,0.02923,0,0,-0.000068,standard,2.489577,2.500572,1.359467,0.841504,0.209641,0.035889,0.197481,1.804805,51.044941,0.000136,2.417466,-0.00007,1,2.427854,-0.00007,1,0.600196,0.599648,0.106705,0,,PFA-00224,PSA-00236,,RHS-00313,3.0.0,2025-03-19T00:30:05.507Z
7,11:54:52,3/25/2025,Petals MtDiablo,Shea Nolan,,18,A,bottom,0.005965,2.542841,0.005951,0.169088,2.011773,2.005779,4.722923,2.711151,20.303974,20.364647,47.808914,0.441786,7.5,45.18,45.04,30.77,31.81,31.81,98.79,120.6,119.1,1.3,1523,3.748,11:40:17,3/25/2025,0.25,1,0.001,0.001,-9999,0.001,0.003,-9999,1,115,0.005,2,0.058905,0,0.02923,0,0,-0.000068,standard,2.490407,2.501348,1.359441,0.841736,0.216957,0.011403,0.219521,1.429461,49.601196,0.000135,2.417466,-0.00007,1,2.427854,-0.00007,1,0.600196,0.599648,0.106705,0,,PFA-00224,PSA-00236,,RHS-00313,3.0.0,2025-03-19T00:30:05.507Z
8,11:56:02,3/25/2025,Petals MtDiablo,Shea Nolan,,18,A,top,0.015435,2.541281,0.015342,0.543645,2.097656,2.078382,5.464302,3.366646,21.038277,21.233374,55.312016,0.441786,7.5,47.13,46.7,30.76,34.4,34.4,98.79,120.5,119.2,1.1,2088,3.748,11:55:05,3/25/2025,0.42,1,0.003,0.003,-9999,0.001,-0.003,-9999,1,115,0.005,2,0.058905,0,0.02923,0,0,-0.000068,standard,2.492787,2.503937,1.358511,0.841928,0.217045,0.044247,0.225203,1.920056,49.36874,0.000139,2.417466,-0.00007,1,2.427854,-0.00007,1,0.600196,0.599648,0.106705,0,,PFA-00224,PSA-00236,,RHS-00313,3.0.0,2025-03-19T00:30:05.507Z
9,11:58:53,3/25/2025,Petals MtDiablo,Shea Nolan,,19,A,bottom,0.096755,2.541343,0.093207,2.16626,2.134402,2.057647,4.354672,2.22027,20.831652,21.608727,44.086788,0.441786,7.5,47.61,45.9,30.89,30.38,30.38,98.78,120.5,119.2,1.1,1323,3.745,11:55:05,3/25/2025,0.42,1,-0.006,-0.003,-9999,0.001,0,-9999,1,115,0.005,2,0.058905,0,0.02923,0,0,-0.000068,standard,2.491609,2.504596,1.358548,0.841875,0.215956,-0.007566,0.238437,1.255902,48.931004,0.000136,2.417466,-0.00007,1,2.427854,-0.00007,1,0.600196,0.599648,0.106705,0,,PFA-00224,PSA-00236,,RHS-00313,3.0.0,2025-03-19T00:30:05.507Z
10,11:59:30,3/25/2025,Petals MtDiablo,Shea Nolan,,19,A,top,0.03243,2.540341,0.032022,0.835058,2.218234,2.188654,4.703705,2.485471,22.15904,22.458521,47.622696,0.441786,7.5,49.22,48.57,30.98,31.73,31.73,98.77,120.4,119.3,1,728,3.745,11:55:05,3/25/2025,0.42,1,-0.001,-0.005,-9999,0,-0.005,-9999,1,115,0.005,2,0.058905,0,0.02923,0,0,-0.000068,standard,2.495396,2.506896,1.357951,0.842101,0.215176,0.007929,0.241083,0.738576,48.815845,0.000137,2.417466,-0.00007,1,2.427854,-0.00007,1,0.600196,0.599648,0.106705,0,,PFA-00224,PSA-00236,,RHS-00313,3.0.0,2025-03-19T00:30:05.507Z
11,12:01:57,3/25/2025,Petals MtDiablo,Shea Nolan,,20,A,bottom,0.008359,2.540886,0.008331,0.195048,2.153139,2.146227,4.389137,2.235998,21.727453,21.797428,44.433681,0.441786,7.5,47.61,47.46,31.04,30.52,30.52,98.78,120.5,119.1,1.1,1110,3.743,11:55:05,3/25/2025,0.42,1,0.003,0.001,-9999,-0.004,-0.003,-9999,1,115,0.005,2,0.058905,0,0.02923,0,0,-0.000068,standard,2.493804,2.504562,1.358276,0.841845,0.21466,-0.007767,0.250571,1.070226,48.393845,0.000138,2.417466,-0.00007,1,2.427854,-0.00007,1,0.600196,0.599648,0.106705,0,,PFA-00224,PSA-00236,,RHS-00313,3.0.0,2025-03-19T00:30:05.507Z
12,12:02:16,3/25/2025,Petals MtDiablo,Shea Nolan,,20,A,top,0.001801,2.540652,0.001799,0.043218,2.120957,2.119425,4.414882,2.293925,21.455961,21.471472,44.693977,0.441786,7.5,46.92,46.89,31.03,30.62,30.62,98.78,120.4,119.2,1,1650,3.742,11:55:05,3/25/2025,0.42,1,-0.006,-0.004,-9999,-0.001,0,-9999,1,115,0.005,2,0.058905,0,0.02923,0,0,-0.000068,standard,2.492995,2.503572,1.358137,0.842001,0.214739,-0.006403,0.251923,1.539378,48.335552,0.000136,2.417466,-0.00007,1,2.427854,-0.00007,1,0.600196,0.599648,0.106705,0,,PFA-00224,PSA-00236,,RHS-00313,3.0.0,2025-03-19T00:30:05.507Z
13,12:07:50,3/25/2025,Petals MtDiablo,Shea Nolan,,21,A,bottom,0.00321,2.542906,0.003206,0.107571,1.979531,1.975718,5.173011,3.19348,20.00489,20.043501,52.378693,0.441786,7.5,41.03,40.95,32.18,33.42,33.42,98.76,120.6,118.9,1.4,1950,3.739,11:55:05,3/25/2025,0.42,1,-0.004,-0.005,-9999,-0.003,-0.003,-9999,1,115,0.005,2,0.058905,0,0.02923,0,0,-0.000068,standard,2.484184,2.494727,1.359479,0.841375,0.20527,0.01411,0.271195,1.800229,47.191502,0.000136,2.417466,-0.00007,1,2.427854,-0.00007,1,0.600196,0.599648,0.106705,0,,PFA-00224,PSA-00236,,RHS-00313,3.0.0,2025-03-19T00:30:05.507Z
14,12:08:28,3/25/2025,Petals MtDiablo,Shea Nolan,,21,A,top,-0.009823,2.539727,-0.009861,-0.269999,2.105449,2.115027,4.716235,2.610786,21.415232,21.318249,47.753178,0.441786,7.5,43.51,43.71,32.23,31.78,31.78,98.76,120.4,119.1,1.1,1395,3.739,12:08:02,3/25/2025,0.15,1,0,0,-9999,0.004,0.002,-9999,1,115,0.005,2,0.058905,0,0.02923,0,0,-0.000068,standard,2.488161,2.498743,1.357587,0.841703,0.204855,-0.007003,0.273612,1.318264,47.101021,0.000138,2.417466,-0.00007,1,2.427854,-0.00007,1,0.600196,0.599648,0.106705,0,,PFA-00224,PSA-00236,,RHS-00313,3.0.0,2025-03-19T00:30:05.507Z
15,12:10:44,3/25/2025,Petals MtDiablo,Shea Nolan,,22,A,bottom,-0.002608,2.539001,-0.00261,-0.091098,2.081687,2.084921,5.397647,3.315959,21.112642,21.079899,54.65847,0.441786,7.5,43.12,43.19,32.19,34.18,34.18,98.75,120.3,119.3,0.8,1783,3.737,12:08:02,3/25/2025,0.15,1,0,-0.002,-9999,-0.005,-0.008,-9999,1,115,0.005,2,0.058905,0,0.02923,0,0,-0.000068,standard,2.487416,2.498179,1.357154,0.842239,0.205179,0.023598,0.281847,1.654642,46.690105,0.000139,2.417466,-0.00007,1,2.427854,-0.00007,1,0.600196,0.599648,0.106705,0,,PFA-00224,PSA-00236,,RHS-00313,3.0.0,2025-03-19T00:30:05.507Z
16,12:11:09,3/25/2025,Petals MtDiablo,Shea Nolan,,22,A,top,0.006136,2.540124,0.006121,0.175754,2.102618,2.096385,4.838284,2.735667,21.230024,21.29314,48.99715,0.441786,7.5,43.6,43.47,32.18,32.23,32.23,98.75,120.4,119.1,1.1,157,3.736,12:08:02,3/25/2025,0.15,1,0,0.002,-9999,-0.003,0.001,-9999,1,115,0.005,2,0.058905,0,0.02923,0,0,-0.000068,standard,2.48782,2.498874,1.357823,0.841728,0.205312,-0.000701,0.283214,0.242725,46.656132,0.000138,2.417466,-0.00007,1,2.427854,-0.00007,1,0.600196,0.599648,0.106705,0,,PFA-00224,PSA-00236,,RHS-00313,3.0.0,2025-03-19T00:30:05.507Z
17,12:13:30,3/25/2025,Petals MtDiablo,Shea Nolan,,23,A,bottom,-0.006015,2.540077,-0.006029,-0.198488,2.172102,2.179138,5.300949,3.128847,22.060411,21.98918,53.663921,0.441786,7.5,45.04,45.19,32.17,33.86,33.86,98.78,120.4,118.9,1.2,2001,3.735,12:08:02,3/25/2025,0.15,1,0,0.001,-9999,0.005,0.003,-9999,1,115,0.005,2,0.058905,0,0.02923,0,0,-0.000068,standard,2.490294,2.500977,1.357795,0.841261,0.205332,0.019723,0.290819,1.84426,46.28706,0.000134,2.417466,-0.00007,1,2.427854,-0.00007,1,0.600196,0.599648,0.106705,0,,PFA-00224,PSA-00236,,RHS-00313,3.0.0,2025-03-19T00:30:05.507Z
18,12:13:57,3/25/2025,Petals MtDiablo,Shea Nolan,,23,A,top,0.003869,2.542176,0.003863,0.129593,2.337268,2.332688,5.51964,3.182372,23.614447,23.66081,55.876842,0.441786,7.5,48.41,48.32,32.19,34.58,34.58,98.78,120.6,119.1,1.2,1501,3.735,12:08:02,3/25/2025,0.15,1,0.004,-0.002,-9999,-0.004,-0.004,-9999,1,115,0.005,2,0.058905,0,0.02923,0,0,-0.000068,standard,2.494754,2.505836,1.359044,0.841668,0.205172,0.028705,0.292617,1.410449,46.230553,0.000138,2.417466,-0.00007,1,2.427854,-0.00007,1,0.600196,0.599648,0.106705,0,,PFA-00224,PSA-00236,,RHS-00313,3.0.0,2025-03-19T00:30:05.507Z
19,12:16:54,3/25/2025,Petals MtDiablo,Shea Nolan,,24,A,bottom,-0.003849,2.542084,-0.003855,-0.106917,2.391752,2.395529,5.028703,2.636951,24.249678,24.211447,50.90501,0.441786,7.5,48.93,49.01,32.41,32.92,32.92,98.79,120.6,119.2,1.1,1531,3.733,12:08:02,3/25/2025,0.15,1,0.001,-0.001,0.009,-0.003,0.001,-0.003,1,115,0.005,2,0.058905,0,0.02923,0,0,-0.000068,standard,2.495682,2.506529,1.358989,0.841955,0.203416,0.004888,0.302708,1.435726,45.963764,0.000138,2.417466,-0.00007,1,2.427854,-0.00007,1,0.600196,0.599648,0.106705,0,,PFA-00224,PSA-00236,,RHS-00313,3.0.0,2025-03-19T00:30:05.507Z
20,12:17:55,3/25/2025,Petals MtDiablo,Shea Nolan,,24,A,top,-0.006144,2.541964,-0.006159,-0.179926,2.226852,2.233219,5.006698,2.779845,22.609264,22.544809,50.688164,0.441786,7.5,45.25,45.38,32.53,32.84,32.84,98.77,120.5,118.8,1.4,839,3.732,12:08:02,3/25/2025,0.15,1,0.002,-0.001,-9999,0.001,-0.002,-9999,1,115,0.005,2,0.058905,0,0.02923,0,0,-0.000068,standard,2.490484,2.501196,1.358918,0.841046,0.20246,0.002412,0.306487,0.835378,45.921562,0.000138,2.417466,-0.00007,1,2.427854,-0.00007,1,0.600196,0.599648,0.106705,0,,PFA-00224,PSA-00236,,RHS-00313,3.0.0,2025-03-19T00:30:05.507Z
21,12:18:49,3/25/2025,Petals MtDiablo,Shea Nolan,,24,A,top,0.01222,2.540618,0.012161,0.453837,2.327523,2.311468,5.86074,3.533217,23.402349,23.564899,59.336792,0.441786,7.5,46.96,46.64,32.66,35.67,35.67,98.77,120.4,119.2,1,1858,3.732,12:18:31,3/25/2025,0.23,1,0.002,0.005,-0.003,-0.004,-0.01,-0.007,1,115,0.005,2,0.058905,0,0.02923,0,0,-0.000068,standard,2.492249,2.50352,1.358116,0.841992,0.201459,0.036776,0.309426,1.720195,45.837879,0.000139,2.417466,-0.00007,1,2.427854,-0.00007,1,0.600196,0.599648,0.106705,0,,PFA-00224,PSA-00236,,RHS-00313,3.0.0,2025-03-19T00:30:05.507Z
22,12:21:57,3/25/2025,Petals MtDiablo,Shea Nolan,,25,A,bottom,0.004152,2.540969,0.004145,0.11532,2.457164,2.45309,5.100141,2.642977,24.834507,24.875746,51.632618,0.441786,7.5,49.27,49.19,32.77,33.17,33.17,98.78,120.5,119.1,1.1,1724,3.729,12:18:31,3/25/2025,0.23,1,0.002,0.002,-0.009,-0.005,0.001,-0.001,1,115,0.005,2,0.058905,0,0.02923,0,0,-0.000068,standard,2.495847,2.50681,1.358325,0.841751,0.200588,0.003567,0.318664,1.603402,45.567871,0.000139,2.417466,-0.00007,1,2.427854,-0.00007,1,0.600196,0.599648,0.106705,0,,PFA-00224,PSA-00236,,RHS-00313,3.0.0,2025-03-19T00:30:05.507Z
23,12:24:11,3/25/2025,Petals MtDiablo,Shea Nolan,,25,A,top,0.006285,2.539572,0.006269,0.174219,2.26687,2.260699,4.911891,2.645021,22.888523,22.951004,49.730602,0.441786,7.5,44.77,44.65,33.04,32.5,32.5,98.77,120.4,118.8,1.3,636,3.725,12:18:31,3/25/2025,0.23,1,-0.008,-0.005,-0.015,0.001,-0.003,0.001,1,115,0.005,2,0.058905,0,0.02923,0,0,-0.000068,standard,2.489328,2.500278,1.357494,0.841007,0.198505,-0.00813,0.325373,0.658673,45.561073,0.000137,2.417466,-0.00007,1,2.427854,-0.00007,1,0.600196,0.599648,0.106705,0,,PFA-00224,PSA-00236,,RHS-00313,3.0.0,2025-03-19T00:30:05.507Z
24,12:25:01,3/25/2025,Petals MtDiablo,Shea Nolan,,26,A,bottom,-0.00266,2.540131,-0.002663,-0.078,2.187945,2.190709,4.976655,2.78871,22.178108,22.150122,50.382217,0.441786,7.5,43.12,43.17,33.08,32.73,32.73,98.78,120.4,118.8,1.3,156,3.727,12:18:31,3/25/2025,0.23,1,-0.001,-0.004,-9999,0.001,-0.001,-9999,1,115,0.005,2,0.058905,0,0.02923,0,0,-0.000068,standard,2.487196,2.497865,1.357827,0.84104,0.198197,-0.005731,0.327352,0.242546,45.432327,0.000138,2.417466,-0.00007,1,2.427854,-0.00007,1,0.600196,0.599648,0.106705,0,,PFA-00224,PSA-00236,,RHS-00313,3.0.0,2025-03-19T00:30:05.507Z
25,12:25:36,3/25/2025,Petals MtDiablo,Shea Nolan,,26,A,top,0.003295,2.539192,0.00329,0.083277,2.453126,2.450181,4.86056,2.407434,24.804108,24.833923,49.205288,0.441786,7.5,48.44,48.39,33.04,32.31,32.31,98.78,120.3,119,1.1,180,3.727,12:18:31,3/25/2025,0.23,1,0.007,0.005,-0.004,-0.003,-0.007,-0.009,1,115,0.005,2,0.058905,0,0.02923,0,0,-0.000068,standard,2.494648,2.505566,1.357268,0.841479,0.198477,-0.01049,0.328753,0.262939,45.307518,0.00014,2.417466,-0.00007,1,2.427854,-0.00007,1,0.600196,0.599648,0.106705,0,,PFA-00224,PSA-00236,,RHS-00313,3.0.0,2025-03-19T00:30:05.507Z
26,12:28:00,3/25/2025,Petals MtDiablo,Shea Nolan,,27,A,bottom,-0.005661,2.539062,-0.005674,-0.161691,2.30078,2.306507,5.011173,2.710393,23.35437,23.296385,50.740276,0.441786,7.5,45.29,45.4,33.1,32.86,32.86,98.76,120.3,119.3,0.9,1874,3.725,12:18:31,3/25/2025,0.23,1,0.005,0.003,-9999,-0.001,-0.004,-9999,1,115,0.005,2,0.058905,0,0.02923,0,0,-0.000068,standard,2.490382,2.501005,1.357191,0.842127,0.198025,-0.004475,0.336149,1.73351,45.152664,0.000138,2.417466,-0.00007,1,2.427854,-0.00007,1,0.600196,0.599648,0.106705,0,,PFA-00224,PSA-00236,,RHS-00313,3.0.0,2025-03-19T00:30:05.507Z
27,12:28:38,3/25/2025,Petals MtDiablo,Shea Nolan,,27,A,top,-0.000916,2.539088,-0.000916,-0.032463,2.4415,2.442648,5.794786,3.353286,24.732042,24.720417,58.67276,0.441786,7.5,47.98,48,33.13,35.46,35.46,98.76,120.3,118.9,1.2,1584,3.724,12:18:31,3/25/2025,0.23,1,0.001,0.002,-9999,0,-0.002,-9999,1,115,0.005,2,0.058905,0,0.02923,0,0,-0.000068,standard,2.49408,2.504876,1.357207,0.841244,0.197799,0.028225,0.338168,1.482444,45.08078,0.000136,2.417466,-0.00007,1,2.427854,-0.00007,1,0.600196,0.599648,0.106705,0,,PFA-00224,PSA-00236,,RHS-00313,3.0.0,2025-03-19T00:30:05.507Z
28,12:29:55,3/25/2025,Petals MtDiablo,Shea Nolan,,27,A,top,0.011493,2.540926,0.011441,0.31517,2.174324,2.163159,4.799127,2.624803,21.901142,22.014181,48.589287,0.441786,7.5,42.91,42.69,33.05,32.09,32.09,98.77,120.5,118.7,1.4,890,3.724,12:29:40,3/25/2025,0.28,1,0.001,0.001,-9999,0.001,0.002,-9999,1,115,0.005,2,0.058905,0,0.02923,0,0,-0.000068,standard,2.486505,2.497496,1.358299,0.840904,0.198386,-0.013429,0.341617,0.879739,45.086502,0.000139,2.417466,-0.00007,1,2.427854,-0.00007,1,0.600196,0.599648,0.106705,0,,PFA-00224,PSA-00236,,RHS-00313,3.0.0,2025-03-19T00:30:05.507Z
29,12:32:40,3/25/2025,Petals MtDiablo,Shea Nolan,,28,A,bottom,0.001586,2.537591,0.001585,0.041982,2.17784,2.176349,4.703986,2.526146,22.03145,22.046539,47.619022,0.441786,7.5,42.48,42.45,33.26,31.74,31.74,98.78,120.2,118.9,1,1125,3.722,12:29:40,3/25/2025,0.28,1,0.001,0.002,-9999,0.005,0.003,-9999,1,115,0.005,2,0.058905,0,0.02923,0,0,-0.000068,standard,2.48612,2.496829,1.356318,0.841383,0.196789,-0.020393,0.348172,1.083555,44.867992,0.000136,2.417466,-0.00007,1,2.427854,-0.00007,1,0.600196,0.599648,0.106705,0,,PFA-00224,PSA-00236,,RHS-00313,3.0.0,2025-03-19T00:30:05.507Z
30,12:33:01,3/25/2025,Petals MtDiablo,Shea Nolan,,28,A,top,0.026269,2.541739,0.026,0.7735,2.195951,2.168566,5.02728,2.831329,21.952772,22.229994,50.892033,0.441786,7.5,42.78,42.24,33.28,32.91,32.91,98.78,120.5,119,1.3,767,3.722,12:29:40,3/25/2025,0.28,1,0.003,-0.001,-9999,-0.001,-0.004,-9999,1,115,0.005,2,0.058905,0,0.02923,0,0,-0.000068,standard,2.485812,2.497253,1.358784,0.841391,0.196602,-0.006079,0.349005,0.772597,44.826866,0.000136,2.417466,-0.00007,1,2.427854,-0.00007,1,0.600196,0.599648,0.106705,0,,PFA-00224,PSA-00236,,RHS-00313,3.0.0,2025-03-19T00:30:05.507Z
31,12:35:54,3/25/2025,Petals MtDiablo,Shea Nolan,,29,A,bottom,-0.000365,2.539278,-0.000365,-0.010393,2.381939,2.382307,5.085763,2.703824,24.114008,24.110283,51.478725,0.441786,7.5,45.54,45.55,33.62,33.12,33.12,98.79,120.3,118.9,1.2,1724,3.72,12:29:40,3/25/2025,0.28,1,0.005,0,-0.014,-0.003,-0.001,-0.003,1,115,0.005,2,0.058905,0,0.02923,0,0,-0.000068,standard,2.490477,2.501188,1.357319,0.841161,0.194056,-0.0077,0.355522,1.603271,44.577957,0.00014,2.417466,-0.00007,1,2.427854,-0.00007,1,0.600196,0.599648,0.106705,0,,PFA-00224,PSA-00236,,RHS-00313,3.0.0,2025-03-19T00:30:05.507Z
32,12:36:22,3/25/2025,Petals MtDiablo,Shea Nolan,,29,A,top,0.006331,2.540374,0.006315,0.203608,2.305071,2.297863,5.366502,3.061432,23.259434,23.332388,54.320812,0.441786,7.5,44.02,43.88,33.64,34.08,34.08,98.79,120.4,118.9,1.3,1900,3.72,12:29:40,3/25/2025,0.28,1,-0.002,0,-9999,0.004,0.001,-9999,1,115,0.005,2,0.058905,0,0.02923,0,0,-0.000068,standard,2.488084,2.498977,1.357971,0.84129,0.193888,0.004112,0.356934,1.756215,44.596195,0.000139,2.417466,-0.00007,1,2.427854,-0.00007,1,0.600196,0.599648,0.106705,0,,PFA-00224,PSA-00236,,RHS-00313,3.0.0,2025-03-19T00:30:05.507Z
33,12:39:01,3/25/2025,Petals MtDiablo,Shea Nolan,,30,A,bottom,-0.001493,2.5399,-0.001494,-0.044039,2.509966,2.511522,5.306508,2.796542,25.428625,25.412874,53.727268,0.441786,7.5,47.76,47.79,33.71,33.88,33.88,98.77,120.4,119.2,1,1590,3.718,12:29:40,3/25/2025,0.28,1,-0.004,-0.005,-9999,-0.001,-0.002,-9999,1,115,0.005,2,0.058905,0,0.02923,0,0,-0.000068,standard,2.49364,2.504357,1.357689,0.841996,0.193397,0.000745,0.363796,1.487748,44.414879,0.000139,2.417466,-0.00007,1,2.427854,-0.00007,1,0.600196,0.599648,0.106705,0,,PFA-00224,PSA-00236,,RHS-00313,3.0.0,2025-03-19T00:30:05.507Z
34,12:39:30,3/25/2025,Petals MtDiablo,Shea Nolan,,30,A,top,0.029683,2.541112,0.02934,0.879416,2.385412,2.35433,5.231698,2.846287,23.836487,24.151175,52.968494,0.441786,7.5,45.21,44.62,33.77,33.62,33.62,98.77,120.5,119,1.2,1401,3.718,12:29:40,3/25/2025,0.28,1,-0.003,-0.002,-9999,-0.001,-0.005,-9999,1,115,0.005,2,0.058905,0,0.02923,0,0,-0.000068,standard,2.489121,2.500679,1.35841,0.841617,0.192884,-0.003318,0.364917,1.323212,44.378399,0.000138,2.417466,-0.00007,1,2.427854,-0.00007,1,0.600196,0.599648,0.106705,0,,PFA-00224,PSA-00236,,RHS-00313,3.0.0,2025-03-19T00:30:05.507Z
35,12:42:17,3/25/2025,Petals MtDiablo,Shea Nolan,,31,A,bottom,-0.003873,2.540345,-0.003879,-0.122536,2.312257,2.316592,5.311301,2.999044,23.458805,23.414902,53.784504,0.441786,7.5,42.45,42.53,34.35,33.89,33.89,98.75,120.4,118.9,1.2,1126,3.716,12:29:40,3/25/2025,0.28,1,-0.003,-0.001,-9999,0,-0.002,-9999,1,115,0.005,2,0.058905,0,0.02923,0,0,-0.000068,standard,2.485987,2.496544,1.357954,0.841371,0.188624,-0.007158,0.37014,1.084353,44.1978,0.000139,2.417466,-0.00007,1,2.427854,-0.00007,1,0.600196,0.599648,0.106705,0,,PFA-00224,PSA-00236,,RHS-00313,3.0.0,2025-03-19T00:30:05.507Z
36,12:42:54,3/25/2025,Petals MtDiablo,Shea Nolan,,31,A,top,0.01892,2.542628,0.01878,0.592694,2.292221,2.271278,5.289023,2.996802,23.000689,23.212776,53.560673,0.441786,7.5,41.96,41.58,34.4,33.82,33.82,98.75,120.6,118.7,1.6,1160,3.715,12:42:32,3/25/2025,0.49,1,0.002,0.001,-9999,0.002,-0.001,-9999,1,115,0.005,2,0.058905,0,0.02923,0,0,-0.000068,standard,2.484606,2.495518,1.359314,0.840789,0.188245,-0.008763,0.371716,1.114083,44.083714,0.000139,2.417466,-0.00007,1,2.427854,-0.00007,1,0.600196,0.599648,0.106705,0,,PFA-00224,PSA-00236,,RHS-00313,3.0.0,2025-03-19T00:30:05.507Z
37,12:45:58,3/25/2025,Petals MtDiablo,Shea Nolan,,32,A,bottom,0.009627,2.540175,0.00959,0.398003,2.271929,2.257841,6.194252,3.922323,22.864902,23.007576,62.728508,0.441786,7.5,41.39,41.14,34.48,36.68,36.68,98.75,120.4,118.8,1.4,2007,3.713,12:42:32,3/25/2025,0.49,1,-0.005,-0.001,0.014,0.004,-0.003,-0.007,1,115,0.005,2,0.058905,0,0.02923,0,0,-0.000068,standard,2.483952,2.494672,1.357853,0.840919,0.187624,0.026768,0.378541,1.849579,43.892025,0.000139,2.417466,-0.00007,1,2.427854,-0.00007,1,0.600196,0.599648,0.106705,0,,PFA-00224,PSA-00236,,RHS-00313,3.0.0,2025-03-19T00:30:05.507Z
38,12:46:13,3/25/2025,Petals MtDiablo,Shea Nolan,,32,A,top,0.000796,2.541788,0.000795,0.032349,2.306403,2.305259,6.150687,3.844284,23.345758,23.35734,62.289062,0.441786,7.5,42.02,42,34.48,36.55,36.55,98.74,120.5,118.7,1.5,2034,3.713,12:42:32,3/25/2025,0.49,1,-0.001,-0.005,-9999,0.003,0.008,-9999,1,115,0.005,2,0.058905,0,0.02923,0,0,-0.000068,standard,2.485193,2.495584,1.358813,0.840871,0.187615,0.025075,0.378999,1.87252,43.878792,0.000136,2.417466,-0.00007,1,2.427854,-0.00007,1,0.600196,0.599648,0.106705,0,,PFA-00224,PSA-00236,,RHS-00313,3.0.0,2025-03-19T00:30:05.507Z
39,12:50:27,3/25/2025,Petals MtDiablo,Shea Nolan,,33,A,bottom,0.014793,2.541509,0.014707,0.599679,2.286409,2.265206,6.140261,3.853853,22.943151,23.157904,62.191669,0.441786,7.5,41.44,41.05,34.58,36.52,36.52,98.73,120.5,119,1.3,1883,3.711,12:42:32,3/25/2025,0.49,1,-0.003,-0.001,-9999,-0.003,-0.004,-9999,1,115,0.005,2,0.058905,0,0.02923,0,0,-0.000068,standard,2.483812,2.494717,1.358647,0.841406,0.186932,0.023479,0.388294,1.741864,43.588757,0.000139,2.417466,-0.00007,1,2.427854,-0.00007,1,0.600196,0.599648,0.106705,0,,PFA-00224,PSA-00236,,RHS-00313,3.0.0,2025-03-19T00:30:05.507Z
40,12:50:47,3/25/2025,Petals MtDiablo,Shea Nolan,,33,A,top,0.008732,2.542256,0.008702,0.337581,2.353355,2.341434,6.020626,3.66727,23.716795,23.837543,60.983955,0.441786,7.5,42.65,42.44,34.58,36.16,36.16,98.72,120.6,118.9,1.4,1258,3.71,12:42:32,3/25/2025,0.49,1,0,-0.005,-9999,0.001,0,-9999,1,115,0.005,2,0.058905,0,0.02923,0,0,-0.000068,standard,2.485805,2.496489,1.359092,0.841151,0.186939,0.018841,0.389063,1.199,43.551208,0.000138,2.417466,-0.00007,1,2.427854,-0.00007,1,0.600196,0.599648,0.106705,0,,PFA-00224,PSA-00236,,RHS-00313,3.0.0,2025-03-19T00:30:05.507Z
41,12:53:27,3/25/2025,Petals MtDiablo,Shea Nolan,,34,A,bottom,0.018806,2.543805,0.018668,0.605999,2.196635,2.175221,5.280218,3.083583,22.032633,22.249531,53.48288,0.441786,7.5,40.54,40.15,34.25,33.79,33.79,98.73,120.7,119.2,1.3,1384,3.709,12:42:32,3/25/2025,0.49,1,0,0.003,-9999,-0.002,-0.004,-9999,1,115,0.005,2,0.058905,0,0.02923,0,0,-0.000068,standard,2.482569,2.493474,1.360016,0.84187,0.189326,-0.007275,0.393757,1.30887,43.313385,0.000138,2.417466,-0.00007,1,2.427854,-0.00007,1,0.600196,0.599648,0.106705,0,,PFA-00224,PSA-00236,,RHS-00313,3.0.0,2025-03-19T00:30:05.507Z
42,12:53:53,3/25/2025,Petals MtDiablo,Shea Nolan,,34,A,top,0.019871,2.540078,0.019717,0.681138,2.257268,2.233156,5.533405,3.276137,22.618765,22.862986,56.045696,0.441786,7.5,41.68,41.24,34.24,34.63,34.63,98.73,120.4,118.8,1.3,946,3.708,12:53:39,3/25/2025,0.29,1,0.005,0,-9999,0.002,0.006,-9999,1,115,0.005,2,0.058905,0,0.02923,0,0,-0.000068,standard,2.484151,2.495445,1.357795,0.840975,0.1894,0.003503,0.394766,0.928461,43.280838,0.000137,2.417466,-0.00007,1,2.427854,-0.00007,1,0.600196,0.599648,0.106705,0,,PFA-00224,PSA-00236,,RHS-00313,3.0.0,2025-03-19T00:30:05.507Z
43,12:57:24,3/25/2025,Petals MtDiablo,Shea Nolan,,35,A,bottom,0.121286,2.541661,0.115762,3.151154,2.201735,2.090266,4.793326,2.591591,21.177275,22.306612,48.563007,0.441786,7.5,41.99,39.86,33.66,32.07,32.07,98.7,120.5,119.1,1.2,214,3.706,12:53:39,3/25/2025,0.29,1,0,-0.003,-9999,-0.001,-0.003,-9999,1,115,0.005,2,0.058905,0,0.02923,0,0,-0.000068,standard,2.482284,2.496016,1.358737,0.841633,0.193713,-0.021358,0.40075,0.292648,42.919636,0.000135,2.417466,-0.00007,1,2.427854,-0.00007,1,0.600196,0.599648,0.106705,0,,PFA-00224,PSA-00236,,RHS-00313,3.0.0,2025-03-19T00:30:05.507Z
44,12:57:47,3/25/2025,Petals MtDiablo,Shea Nolan,,35,A,top,0.013593,2.544487,0.013521,0.398418,2.285107,2.271051,5.084929,2.799822,23.009518,23.151924,51.518776,0.441786,7.5,43.75,43.48,33.59,33.12,33.12,98.7,120.7,119.1,1.4,152,3.706,12:53:39,3/25/2025,0.29,1,0,0,0.007,0.004,0.001,0.007,1,115,0.005,2,0.058905,0,0.02923,0,0,-0.000068,standard,2.487525,2.498596,1.360423,0.841632,0.194247,-0.00742,0.401531,0.238572,42.906044,0.000138,2.417466,-0.00007,1,2.427854,-0.00007,1,0.600196,0.599648,0.106705,0,,PFA-00224,PSA-00236,,RHS-00313,3.0.0,2025-03-19T00:30:05.507Z
45,13:01:00,3/25/2025,Petals MtDiablo,Shea Nolan,,36,A,bottom,-0.005893,2.541833,-0.005907,-0.191042,2.249629,2.256384,5.320117,3.070487,22.856522,22.788095,53.891251,0.441786,7.5,43.19,43.32,33.55,33.92,33.92,98.72,120.5,119.2,1.1,1170,3.704,12:53:39,3/25/2025,0.29,1,-0.004,0.002,-0.01,0.001,-0.001,-0.008,1,115,0.005,2,0.058905,0,0.02923,0,0,-0.000068,standard,2.487296,2.497785,1.35884,0.841964,0.194604,0.003335,0.409887,1.122819,42.885303,0.000137,2.417466,-0.00007,1,2.427854,-0.00007,1,0.600196,0.599648,0.106705,0,,PFA-00224,PSA-00236,,RHS-00313,3.0.0,2025-03-19T00:30:05.507Z
46,13:01:24,3/25/2025,Petals MtDiablo,Shea Nolan,,36,A,top,0.012926,2.541391,0.01286,0.38601,2.272904,2.259254,5.12502,2.852116,22.885187,23.023451,51.914051,0.441786,7.5,43.64,43.37,33.54,33.26,33.26,98.72,120.5,119,1.2,428,3.704,12:53:39,3/25/2025,0.29,1,0.003,-0.002,0.009,-0.001,-0.001,-0.005,1,115,0.005,2,0.058905,0,0.02923,0,0,-0.000068,standard,2.48738,2.498439,1.358576,0.841589,0.194614,-0.005057,0.410681,0.478671,42.865635,0.000138,2.417466,-0.00007,1,2.427854,-0.00007,1,0.600196,0.599648,0.106705,0,,PFA-00224,PSA-00236,,RHS-00313,3.0.0,2025-03-19T00:30:05.507Z
47,13:04:05,3/25/2025,Petals MtDiablo,Shea Nolan,,37,A,bottom,0.009971,2.543737,0.009932,0.32052,2.1614,2.150068,5.228767,3.067367,21.774326,21.889091,52.953163,0.441786,7.5,40.83,40.62,33.83,33.61,33.61,98.74,120.7,118.9,1.5,1364,3.701,12:53:39,3/25/2025,0.29,1,-0.003,-0.004,0.008,-0.006,-0.009,-0.013,1,115,0.005,2,0.058905,0,0.02923,0,0,-0.000068,standard,2.48334,2.494285,1.359975,0.841152,0.192432,-0.004203,0.416883,1.29101,42.682884,0.000139,2.417466,-0.00007,1,2.427854,-0.00007,1,0.600196,0.599648,0.106705,0,,PFA-00224,PSA-00236,,RHS-00313,3.0.0,2025-03-19T00:30:05.507Z
48,13:04:35,3/25/2025,Petals MtDiablo,Shea Nolan,,37,A,top,-0.001222,2.544477,-0.001222,-0.035423,2.490902,2.49215,5.240579,2.749677,25.23741,25.224775,53.070095,0.441786,7.5,46.95,46.97,33.87,33.65,33.65,98.75,120.7,119.1,1.3,556,3.701,13:04:17,3/25/2025,0.2,1,0.001,0.001,-9999,0.002,0.003,-9999,1,115,0.005,2,0.058905,0,0.02923,0,0,-0.000068,standard,2.492444,2.503278,1.360417,0.841829,0.192126,-0.00421,0.417632,0.589342,42.68718,0.00014,2.417466,-0.00007,1,2.427854,-0.00007,1,0.600196,0.599648,0.106705,0,,PFA-00224,PSA-00236,,RHS-00313,3.0.0,2025-03-19T00:30:05.507Z
49,13:07:10,3/25/2025,Petals MtDiablo,Shea Nolan,,38,A,bottom,-0.001137,2.543616,-0.001137,-0.036946,2.362876,2.36418,5.443814,3.080937,23.940823,23.92762,55.126671,0.441786,7.5,43.91,43.94,34.13,34.34,34.34,98.75,120.7,118.8,1.5,1877,3.699,13:04:17,3/25/2025,0.2,1,-0.001,-0.001,-9999,0,-0.001,-9999,1,115,0.005,2,0.058905,0,0.02923,0,0,-0.000068,standard,2.48806,2.498844,1.359903,0.84107,0.190252,0.001231,0.422669,1.736753,42.629601,0.000137,2.417466,-0.00007,1,2.427854,-0.00007,1,0.600196,0.599648,0.106705,0,,PFA-00224,PSA-00236,,RHS-00313,3.0.0,2025-03-19T00:30:05.507Z
50,13:07:30,3/25/2025,Petals MtDiablo,Shea Nolan,,38,A,top,0.008152,2.543207,0.008126,0.331429,2.334037,2.322335,6.188117,3.854079,23.517197,23.635698,62.66415,0.441786,7.5,43.37,43.15,34.13,36.66,36.66,98.75,120.6,119,1.3,1830,3.699,13:04:17,3/25/2025,0.2,1,0.001,-0.004,0.004,-0.005,-0.008,-0.008,1,115,0.005,2,0.058905,0,0.02923,0,0,-0.000068,standard,2.486935,2.498056,1.359659,0.841563,0.190232,0.031044,0.423401,1.695622,42.611004,0.000139,2.417466,-0.00007,1,2.427854,-0.00007,1,0.600196,0.599648,0.106705,0,,PFA-00224,PSA-00236,,RHS-00313,3.0.0,2025-03-19T00:30:05.507Z
51,13:10:14,3/25/2025,Petals MtDiablo,Shea Nolan,,39,A,bottom,-0.002133,2.543285,-0.002135,-0.073254,2.230705,2.233294,5.486747,3.256042,22.616037,22.589819,55.562977,0.441786,7.5,40.97,41.01,34.34,34.48,34.48,98.75,120.6,118.9,1.4,1763,3.698,13:04:17,3/25/2025,0.2,1,0.001,0,-9999,0,-0.001,-9999,1,115,0.005,2,0.058905,0,0.02923,0,0,-0.000068,standard,2.483808,2.494508,1.359706,0.841332,0.188674,0.000315,0.428829,1.637104,42.699337,0.000142,2.417466,-0.00007,1,2.427854,-0.00007,1,0.600196,0.599648,0.106705,0,,PFA-00224,PSA-00236,,RHS-00313,3.0.0,2025-03-19T00:30:05.507Z
52,13:10:40,3/25/2025,Petals MtDiablo,Shea Nolan,,39,A,top,0.003626,2.538794,0.003621,0.134948,2.380077,2.375301,5.906148,3.526072,24.054409,24.102774,59.810913,0.441786,7.5,43.67,43.58,34.36,35.81,35.81,98.75,120.3,119.1,1,1121,3.697,13:04:17,3/25/2025,0.2,1,0.001,-0.003,-9999,-0.005,-0.003,-9999,1,115,0.005,2,0.058905,0,0.02923,0,0,-0.000068,standard,2.487492,2.498433,1.357032,0.841681,0.188541,0.017121,0.429843,1.079788,42.661072,0.000138,2.417466,-0.00007,1,2.427854,-0.00007,1,0.600196,0.599648,0.106705,0,,PFA-00224,PSA-00236,,RHS-00313,3.0.0,2025-03-19T00:30:05.507Z
53,13:13:59,3/25/2025,Petals MtDiablo,Shea Nolan,,40,A,bottom,-0.000306,2.540139,-0.000306,-0.011871,2.044465,2.044886,5.72621,3.681745,20.711168,20.706903,57.996624,0.441786,7.5,37.38,37.39,34.42,35.25,35.25,98.73,120.4,118.7,1.4,1933,3.695,13:04:17,3/25/2025,0.2,1,0.002,0.001,-9999,0.004,0.002,-9999,1,115,0.005,2,0.058905,0,0.02923,0,0,-0.000068,standard,2.478516,2.489212,1.357831,0.840719,0.188085,0.009123,0.434728,1.785324,42.603134,0.000137,2.417466,-0.00007,1,2.427854,-0.00007,1,0.600196,0.599648,0.106705,0,,PFA-00224,PSA-00236,,RHS-00313,3.0.0,2025-03-19T00:30:05.507Z
54,13:14:14,3/25/2025,Petals MtDiablo,Shea Nolan,,40,A,top,-0.003715,2.543772,-0.00372,-0.126404,2.171695,2.176164,5.3977,3.226004,22.040169,21.994915,54.667866,0.441786,7.5,39.8,39.89,34.38,34.18,34.18,98.74,120.7,119,1.4,1852,3.695,13:04:17,3/25/2025,0.2,1,0,0.002,-9999,-0.003,-0.01,-9999,1,115,0.005,2,0.058905,0,0.02923,0,0,-0.000068,standard,2.482167,2.492797,1.359996,0.841398,0.188413,-0.003865,0.43488,1.714883,42.544128,0.000137,2.417466,-0.00007,1,2.427854,-0.00007,1,0.600196,0.599648,0.106705,0,,PFA-00224,PSA-00236,,RHS-00313,3.0.0,2025-03-19T00:30:05.507Z
